MonthName,Year,Customer,Country,Company Size,Industry,Revenue,Revenue2,Month Num,,,,
January,2022,Customer #39,Italy,11-50 Employees,Bevarage,"?3,200.00","3,200.00",1,,, , 
January,2022,Customer #76,Italy,100-1000 Employees,Food,"?5,315.00","5,315.00",1,,, , 
January,2022,Customer #100,Germany,1-10 Employees,Food,"?15,499.00","15,499.00",1,,, , 
January,2022,Customer #106,Italy,100-1000 Employees,Food,"?13,290.00","13,290.00",1,,, , 
January,2022,Customer #85,Italy,51-100 Employees,Chemical,"?7,327.00","7,327.00",1,,, , 
January,2022,Customer #101,USA,51-100 Employees,Bevarage,"?5,315.00","5,315.00",1,,, , 
January,2022,Customer #33,France,11-50 Employees,Chemical,"?5,196.00","5,196.00",1,,, , 
January,2022,Customer #107,Italy,11-50 Employees,Other,"?2,787.00","2,787.00",1,,, , 
January,2022,Customer #52,Norway,11-50 Employees,Food,"?11,355.00","11,355.00",1,,, , 
January,2022,Customer #103,France,11-50 Employees,Chemical,"?17,975.00","17,975.00",1,,, , 
January,2022,Customer #17,Italy,11-50 Employees,Bevarage,"?11,992.00","11,992.00",1,,, , 
January,2022,Customer #50,Germany,1-10 Employees,Food,"?15,521.00","15,521.00",1,,, , 
January,2022,Customer #70,Germany,1-10 Employees,Food,"?13,922.00","13,922.00",1,,, , 
January,2022,Customer #88,Italy,11-50 Employees,Bevarage,"?3,245.00","3,245.00",1,,, , 
January,2022,Customer #63,France,11-50 Employees,Chemical,"?8,991.00","8,991.00",1,,, , 
January,2022,Customer #23,France,11-50 Employees,Other,"?13,054.00","13,054.00",1,,, , 
January,2023,Customer #82,Norway,11-50 Employees,Food,"?3,565.00","3,565.00",1,,, , 
January,2023,Customer #5,Italy,51-100 Employees,Chemical,"?13,021.00","13,021.00",1,,, , 
January,2023,Customer #92,Norway,11-50 Employees,Food,"?2,218.00","2,218.00",1,,, , 
January,2023,Customer #93,France,11-50 Employees,Chemical,"?4,436.00","4,436.00",1,,, , 
January,2023,Customer #76,Italy,100-1000 Employees,Food,"?15,308.00","15,308.00",1,,, , 
January,2023,Customer #22,Norway,11-50 Employees,Food,"?9,755.00","9,755.00",1,,, , 
January,2023,Customer #61,USA,51-100 Employees,Bevarage,"?11,592.00","11,592.00",1,,, , 
January,2023,Customer #26,Italy,100-1000 Employees,Food,"?5,793.00","5,793.00",1,,, , 
January,2023,Customer #70,Germany,1-10 Employees,Food,"?3,746.00","3,746.00",1,,, , 
January,2023,Customer #2,Norway,11-50 Employees,Food,"?14,382.00","14,382.00",1,,, , 
January,2023,Customer #62,Norway,11-50 Employees,Food,"?7,325.00","7,325.00",1,,, , 
January,2023,Customer #45,Italy,51-100 Employees,Chemical,"?2,917.00","2,917.00",1,,, , 
January,2023,Customer #55,Italy,51-100 Employees,Chemical,"?11,045.00","11,045.00",1,,, , 
February,2022,Customer #14,Italy,11-50 Employees,Bevarage,"?10,919.00","10,919.00",2,,, , 
February,2022,Customer #20,Germany,1-10 Employees,Food,"?14,039.00","14,039.00",2,,, , 
February,2022,Customer #44,Italy,11-50 Employees,Bevarage,"?9,560.00","9,560.00",2,,, , 
February,2022,Customer #50,Germany,1-10 Employees,Food,"?5,372.00","5,372.00",2,,, , 
February,2022,Customer #40,Germany,1-10 Employees,Food,"?15,354.00","15,354.00",2,,, , 
February,2022,Customer #42,Norway,11-50 Employees,Food,"?1,815.00","1,815.00",2,,, , 
February,2022,Customer #14,Italy,11-50 Employees,Bevarage,"?2,600.00","2,600.00",2,,, , 
February,2022,Customer #86,Italy,100-1000 Employees,Food,"?17,809.00","17,809.00",2,,, , 
February,2022,Customer #7,Italy,11-50 Employees,Bevarage,"?16,256.00","16,256.00",2,,, , 
February,2022,Customer #104,Italy,11-50 Employees,Bevarage,"?10,799.00","10,799.00",2,,, , 
February,2022,Customer #20,Germany,1-10 Employees,Food,"?10,307.00","10,307.00",2,,, , 
February,2023,Customer #47,Italy,11-50 Employees,Bevarage,"?1,875.00","1,875.00",2,,, , 
February,2023,Customer #35,Italy,51-100 Employees,Chemical,"?7,385.00","7,385.00",2,,, , 
February,2023,Customer #7,Italy,11-50 Employees,Bevarage,"?11,593.00","11,593.00",2,,, , 
February,2023,Customer #90,Germany,1-10 Employees,Food,"?3,943.00","3,943.00",2,,, , 
February,2023,Customer #48,Italy,11-50 Employees,Bevarage,"?15,937.00","15,937.00",2,,, , 
February,2023,Customer #64,Italy,11-50 Employees,Bevarage,"?16,308.00","16,308.00",2,,, , 
February,2023,Customer #27,Italy,11-50 Employees,Bevarage,"?9,502.00","9,502.00",2,,, , 
February,2023,Customer #94,Italy,11-50 Employees,Bevarage,"?8,264.00","8,264.00",2,,, , 
February,2023,Customer #65,Italy,51-100 Employees,Chemical,"?4,523.00","4,523.00",2,,, , 
February,2023,Customer #6,Italy,100-1000 Employees,Food,"?2,445.00","2,445.00",2,,, , 
February,2023,Customer #93,France,11-50 Employees,Chemical,"?11,190.00","11,190.00",2,,, , 
February,2023,Customer #101,USA,51-100 Employees,Bevarage,"?8,349.00","8,349.00",2,,, , 
February,2023,Customer #100,Germany,1-10 Employees,Food,"?6,714.00","6,714.00",2,,, , 
February,2023,Customer #94,Italy,11-50 Employees,Bevarage,"?13,955.00","13,955.00",2,,, , 
February,2023,Customer #104,Italy,11-50 Employees,Bevarage,"?6,445.00","6,445.00",2,,, , 
February,2023,Customer #82,Norway,11-50 Employees,Food,"?9,682.00","9,682.00",2,,, , 
February,2023,Customer #16,Italy,100-1000 Employees,Food,"?5,565.00","5,565.00",2,,, , 
February,2023,Customer #74,Italy,11-50 Employees,Bevarage,"?10,108.00","10,108.00",2,,, , 
February,2023,Customer #103,France,11-50 Employees,Chemical,"?4,983.00","4,983.00",2,,, , 
February,2023,Customer #56,Italy,100-1000 Employees,Food,"?17,441.00","17,441.00",2,,, , 
February,2023,Customer #18,Italy,11-50 Employees,Bevarage,"?8,200.00","8,200.00",2,,, , 
February,2023,Customer #84,Italy,11-50 Employees,Bevarage,"?5,095.00","5,095.00",2,,, , 
February,2023,Customer #18,Italy,11-50 Employees,Bevarage,"?8,674.00","8,674.00",2,,, , 
February,2023,Customer #46,Italy,100-1000 Employees,Food,"?2,767.00","2,767.00",2,,, , 
February,2023,Customer #9,Italy,11-50 Employees,Bevarage,"?9,708.00","9,708.00",2,,, , 
February,2023,Customer #48,Italy,11-50 Employees,Bevarage,"?17,682.00","17,682.00",2,,, , 
February,2023,Customer #30,Germany,1-10 Employees,Food,"?14,938.00","14,938.00",2,,, , 
March,2022,Customer #94,Italy,11-50 Employees,Bevarage,"?12,669.00","12,669.00",3,,, , 
March,2022,Customer #38,Italy,11-50 Employees,Bevarage,"?10,232.00","10,232.00",3,,, , 
March,2022,Customer #63,France,11-50 Employees,Chemical,"?15,391.00","15,391.00",3,,, , 
March,2022,Customer #49,Italy,11-50 Employees,Bevarage,"?9,787.00","9,787.00",3,,, , 
March,2022,Customer #52,Norway,11-50 Employees,Food,"?3,442.00","3,442.00",3,,, , 
March,2022,Customer #49,Italy,11-50 Employees,Bevarage,"?7,558.00","7,558.00",3,,, , 
March,2022,Customer #95,Italy,51-100 Employees,Chemical,"?12,447.00","12,447.00",3,,, , 
March,2022,Customer #75,Italy,51-100 Employees,Chemical,"?8,683.00","8,683.00",3,,, , 
March,2022,Customer #74,Italy,11-50 Employees,Bevarage,"?2,465.00","2,465.00",3,,, , 
March,2022,Customer #90,Germany,1-10 Employees,Food,"?15,615.00","15,615.00",3,,, , 
March,2022,Customer #74,Italy,11-50 Employees,Bevarage,"?3,901.00","3,901.00",3,,, , 
March,2022,Customer #99,Italy,11-50 Employees,Bevarage,"?4,832.00","4,832.00",3,,, , 
March,2022,Customer #52,Norway,11-50 Employees,Food,"?13,564.00","13,564.00",3,,, , 
March,2022,Customer #96,Italy,100-1000 Employees,Food,"?11,860.00","11,860.00",3,,, , 
March,2022,Customer #72,Norway,11-50 Employees,Food,"?14,448.00","14,448.00",3,,, , 
March,2022,Customer #5,Italy,51-100 Employees,Chemical,"?10,741.00","10,741.00",3,,, , 
March,2022,Customer #3,France,11-50 Employees,Chemical,"?6,253.00","6,253.00",3,,, , 
March,2022,Customer #40,Germany,1-10 Employees,Food,"?3,632.00","3,632.00",3,,, , 
March,2022,Customer #76,Italy,100-1000 Employees,Food,"?15,061.00","15,061.00",3,,, , 
March,2022,Customer #22,Norway,11-50 Employees,Food,"?4,292.00","4,292.00",3,,, , 
March,2022,Customer #104,Italy,11-50 Employees,Bevarage,"?14,605.00","14,605.00",3,,, , 
March,2022,Customer #59,Italy,11-50 Employees,Bevarage,"?9,914.00","9,914.00",3,,, , 
March,2022,Customer #1,USA,51-100 Employees,Bevarage,"?4,568.00","4,568.00",3,,, , 
March,2022,Customer #72,Norway,11-50 Employees,Food,"?9,103.00","9,103.00",3,,, , 
March,2022,Customer #6,Italy,100-1000 Employees,Food,"?12,493.00","12,493.00",3,,, , 
March,2023,Customer #97,Italy,11-50 Employees,Bevarage,"?10,499.00","10,499.00",3,,, , 
March,2023,Customer #90,Germany,1-10 Employees,Food,"?4,969.00","4,969.00",3,,, , 
March,2023,Customer #80,Germany,1-10 Employees,Food,"?13,217.00","13,217.00",3,,, , 
March,2023,Customer #71,USA,51-100 Employees,Bevarage,"?2,583.00","2,583.00",3,,, , 
March,2023,Customer #63,France,11-50 Employees,Chemical,"?1,967.00","1,967.00",3,,, , 
March,2023,Customer #77,Italy,11-50 Employees,Bevarage,"?16,762.00","16,762.00",3,,, , 
March,2023,Customer #4,Italy,11-50 Employees,Bevarage,"?5,050.00","5,050.00",3,,, , 
March,2023,Customer #79,Italy,11-50 Employees,Bevarage,"?8,122.00","8,122.00",3,,, , 
March,2023,Customer #94,Italy,11-50 Employees,Bevarage,"?1,916.00","1,916.00",3,,, , 
March,2023,Customer #106,Italy,100-1000 Employees,Food,"?2,031.00","2,031.00",3,,, , 
March,2023,Customer #35,Italy,51-100 Employees,Chemical,"?9,383.00","9,383.00",3,,, , 
March,2023,Customer #72,Norway,11-50 Employees,Food,"?5,560.00","5,560.00",3,,, , 
March,2023,Customer #45,Italy,51-100 Employees,Chemical,"?16,656.00","16,656.00",3,,, , 
March,2023,Customer #63,France,11-50 Employees,Chemical,"?5,513.00","5,513.00",3,,, , 
March,2023,Customer #26,Italy,100-1000 Employees,Food,"?8,815.00","8,815.00",3,,, , 
March,2023,Customer #36,Italy,100-1000 Employees,Food,"?16,875.00","16,875.00",3,,, , 
March,2023,Customer #47,Italy,11-50 Employees,Bevarage,"?16,805.00","16,805.00",3,,, , 
March,2023,Customer #23,France,11-50 Employees,Other,"?4,074.00","4,074.00",3,,, , 
March,2023,Customer #69,Italy,11-50 Employees,Bevarage,"?15,170.00","15,170.00",3,,, , 
March,2023,Customer #22,Norway,11-50 Employees,Food,"?10,787.00","10,787.00",3,,, , 
March,2023,Customer #83,France,11-50 Employees,Chemical,"?1,717.00","1,717.00",3,,, , 
March,2023,Customer #97,Italy,11-50 Employees,Bevarage,"?5,142.00","5,142.00",3,,, , 
March,2023,Customer #51,USA,51-100 Employees,Bevarage,"?16,319.00","16,319.00",3,,, , 
March,2023,Customer #92,Norway,11-50 Employees,Food,"?12,619.00","12,619.00",3,,, , 
March,2023,Customer #101,USA,51-100 Employees,Bevarage,"?4,949.00","4,949.00",3,,, , 
March,2023,Customer #15,Italy,51-100 Employees,Chemical,"?2,044.00","2,044.00",3,,, , 
March,2023,Customer #107,Italy,11-50 Employees,Other,"?5,137.00","5,137.00",3,,, , 
March,2023,Customer #46,Italy,100-1000 Employees,Food,"?10,683.00","10,683.00",3,,, , 
March,2023,Customer #27,Italy,11-50 Employees,Bevarage,"?16,679.00","16,679.00",3,,, , 
March,2023,Customer #74,Italy,11-50 Employees,Bevarage,"?2,337.00","2,337.00",3,,, , 
March,2023,Customer #87,Italy,11-50 Employees,Bevarage,"?6,497.00","6,497.00",3,,, , 
March,2023,Customer #33,France,11-50 Employees,Chemical,"?5,202.00","5,202.00",3,,, , 
March,2023,Customer #46,Italy,100-1000 Employees,Food,"?9,116.00","9,116.00",3,,, , 
March,2023,Customer #49,Italy,11-50 Employees,Bevarage,"?1,784.00","1,784.00",3,,, , 
March,2023,Customer #81,USA,51-100 Employees,Bevarage,"?1,701.00","1,701.00",3,,, , 
March,2023,Customer #79,Italy,11-50 Employees,Bevarage,"?3,928.00","3,928.00",3,,, , 
March,2023,Customer #66,Italy,100-1000 Employees,Food,"?11,885.00","11,885.00",3,,, , 
March,2023,Customer #63,France,11-50 Employees,Chemical,"?4,758.00","4,758.00",3,,, , 
March,2023,Customer #56,Italy,100-1000 Employees,Food,"?13,207.00","13,207.00",3,,, , 
April,2022,Customer #42,Norway,11-50 Employees,Food,"?14,305.00","14,305.00",4,,, , 
April,2022,Customer #20,Germany,1-10 Employees,Food,"?10,942.00","10,942.00",4,,, , 
April,2022,Customer #8,Italy,11-50 Employees,Bevarage,"?9,340.00","9,340.00",4,,, , 
April,2022,Customer #48,Italy,11-50 Employees,Bevarage,"?14,406.00","14,406.00",4,,, , 
April,2022,Customer #37,Italy,11-50 Employees,Bevarage,"?4,571.00","4,571.00",4,,, , 
April,2022,Customer #35,Italy,51-100 Employees,Chemical,"?16,349.00","16,349.00",4,,, , 
April,2022,Customer #7,Italy,11-50 Employees,Bevarage,"?12,612.00","12,612.00",4,,, , 
April,2022,Customer #33,France,11-50 Employees,Chemical,"?17,691.00","17,691.00",4,,, , 
April,2022,Customer #107,Italy,11-50 Employees,Other,"?11,686.00","11,686.00",4,,, , 
April,2022,Customer #41,USA,51-100 Employees,Bevarage,"?11,042.00","11,042.00",4,,, , 
April,2022,Customer #75,Italy,51-100 Employees,Chemical,"?7,385.00","7,385.00",4,,, , 
April,2022,Customer #106,Italy,100-1000 Employees,Food,"?13,657.00","13,657.00",4,,, , 
April,2023,Customer #6,Italy,100-1000 Employees,Food,"?10,057.00","10,057.00",4,,, , 
April,2023,Customer #76,Italy,100-1000 Employees,Food,"?14,683.00","14,683.00",4,,, , 
April,2023,Customer #98,Italy,11-50 Employees,Bevarage,"?4,068.00","4,068.00",4,,, , 
April,2023,Customer #75,Italy,51-100 Employees,Chemical,"?9,809.00","9,809.00",4,,, , 
April,2023,Customer #5,Italy,51-100 Employees,Chemical,"?4,480.00","4,480.00",4,,, , 
April,2023,Customer #52,Norway,11-50 Employees,Food,"?3,007.00","3,007.00",4,,, , 
April,2023,Customer #54,Italy,11-50 Employees,Bevarage,"?1,848.00","1,848.00",4,,, , 
April,2023,Customer #33,France,11-50 Employees,Chemical,"?5,881.00","5,881.00",4,,, , 
April,2023,Customer #56,Italy,100-1000 Employees,Food,"?7,509.00","7,509.00",4,,, , 
April,2023,Customer #47,Italy,11-50 Employees,Bevarage,"?7,636.00","7,636.00",4,,, , 
April,2023,Customer #6,Italy,100-1000 Employees,Food,"?1,406.00","1,406.00",4,,, , 
April,2023,Customer #21,USA,51-100 Employees,Bevarage,"?5,119.00","5,119.00",4,,, , 
April,2023,Customer #8,Italy,11-50 Employees,Bevarage,"?8,950.00","8,950.00",4,,, , 
April,2023,Customer #104,Italy,11-50 Employees,Bevarage,"?9,786.00","9,786.00",4,,, , 
April,2023,Customer #42,Norway,11-50 Employees,Food,"?1,755.00","1,755.00",4,,, , 
April,2023,Customer #6,Italy,100-1000 Employees,Food,"?9,967.00","9,967.00",4,,, , 
April,2023,Customer #44,Italy,11-50 Employees,Bevarage,"?13,471.00","13,471.00",4,,, , 
April,2023,Customer #4,Italy,11-50 Employees,Bevarage,"?8,049.00","8,049.00",4,,, , 
April,2023,Customer #84,Italy,11-50 Employees,Bevarage,"?2,220.00","2,220.00",4,,, , 
May,2022,Customer #15,Italy,51-100 Employees,Chemical,"?9,533.00","9,533.00",5,,, , 
May,2022,Customer #100,Germany,1-10 Employees,Food,"?14,951.00","14,951.00",5,,, , 
May,2022,Customer #56,Italy,100-1000 Employees,Food,"?3,541.00","3,541.00",5,,, , 
May,2022,Customer #26,Italy,100-1000 Employees,Food,"?11,553.00","11,553.00",5,,, , 
May,2022,Customer #98,Italy,11-50 Employees,Bevarage,"?1,191.00","1,191.00",5,,, , 
May,2022,Customer #59,Italy,11-50 Employees,Bevarage,"?5,864.00","5,864.00",5,,, , 
May,2022,Customer #46,Italy,100-1000 Employees,Food,"?9,281.00","9,281.00",5,,, , 
May,2022,Customer #76,Italy,100-1000 Employees,Food,"?1,094.00","1,094.00",5,,, , 
May,2022,Customer #3,France,11-50 Employees,Chemical,"?6,547.00","6,547.00",5,,, , 
May,2022,Customer #54,Italy,11-50 Employees,Bevarage,"?2,712.00","2,712.00",5,,, , 
May,2022,Customer #11,USA,51-100 Employees,Bevarage,"?8,740.00","8,740.00",5,,, , 
May,2022,Customer #12,Norway,11-50 Employees,Food,"?15,021.00","15,021.00",5,,, , 
May,2022,Customer #71,USA,51-100 Employees,Bevarage,"?4,344.00","4,344.00",5,,, , 
May,2022,Customer #71,USA,51-100 Employees,Bevarage,"?9,620.00","9,620.00",5,,, , 
May,2022,Customer #44,Italy,11-50 Employees,Bevarage,"?15,285.00","15,285.00",5,,, , 
May,2022,Customer #23,France,11-50 Employees,Other,"?8,088.00","8,088.00",5,,, , 
May,2022,Customer #92,Norway,11-50 Employees,Food,"?13,959.00","13,959.00",5,,, , 
May,2022,Customer #102,Norway,11-50 Employees,Food,"?3,778.00","3,778.00",5,,, , 
May,2022,Customer #59,Italy,11-50 Employees,Bevarage,"?10,492.00","10,492.00",5,,, , 
May,2022,Customer #11,USA,51-100 Employees,Bevarage,"?12,047.00","12,047.00",5,,, , 
May,2023,Customer #28,Italy,11-50 Employees,Bevarage,"?8,619.00","8,619.00",5,,, , 
May,2023,Customer #27,Italy,11-50 Employees,Bevarage,"?2,691.00","2,691.00",5,,, , 
May,2023,Customer #12,Norway,11-50 Employees,Food,"?4,956.00","4,956.00",5,,, , 
May,2023,Customer #34,Italy,11-50 Employees,Bevarage,"?8,961.00","8,961.00",5,,, , 
May,2023,Customer #61,USA,51-100 Employees,Bevarage,"?13,414.00","13,414.00",5,,, , 
May,2023,Customer #71,USA,51-100 Employees,Bevarage,"?9,153.00","9,153.00",5,,, , 
May,2023,Customer #12,Norway,11-50 Employees,Food,"?5,871.00","5,871.00",5,,, , 
May,2023,Customer #35,Italy,51-100 Employees,Chemical,"?4,210.00","4,210.00",5,,, , 
May,2023,Customer #83,France,11-50 Employees,Chemical,"?5,370.00","5,370.00",5,,, , 
May,2023,Customer #75,Italy,51-100 Employees,Chemical,"?11,606.00","11,606.00",5,,, , 
May,2023,Customer #53,France,11-50 Employees,Chemical,"?7,208.00","7,208.00",5,,, , 
May,2023,Customer #36,Italy,100-1000 Employees,Food,"?8,945.00","8,945.00",5,,, , 
May,2023,Customer #14,Italy,11-50 Employees,Bevarage,"?12,282.00","12,282.00",5,,, , 
May,2023,Customer #100,Germany,1-10 Employees,Food,"?13,011.00","13,011.00",5,,, , 
May,2023,Customer #6,Italy,100-1000 Employees,Food,"?17,043.00","17,043.00",5,,, , 
May,2023,Customer #65,Italy,51-100 Employees,Chemical,"?6,112.00","6,112.00",5,,, , 
May,2023,Customer #17,Italy,11-50 Employees,Bevarage,"?14,942.00","14,942.00",5,,, , 
May,2023,Customer #99,Italy,11-50 Employees,Bevarage,"?11,892.00","11,892.00",5,,, , 
June,2022,Customer #61,USA,51-100 Employees,Bevarage,"?15,057.00","15,057.00",6,,, , 
June,2022,Customer #101,USA,51-100 Employees,Bevarage,"?15,463.00","15,463.00",6,,, , 
June,2022,Customer #96,Italy,100-1000 Employees,Food,"?11,776.00","11,776.00",6,,, , 
June,2022,Customer #57,Italy,11-50 Employees,Bevarage,"?8,315.00","8,315.00",6,,, , 
June,2022,Customer #80,Germany,1-10 Employees,Food,"?11,876.00","11,876.00",6,,, , 
June,2022,Customer #49,Italy,11-50 Employees,Bevarage,"?13,675.00","13,675.00",6,,, , 
June,2022,Customer #29,Italy,11-50 Employees,Bevarage,"?3,703.00","3,703.00",6,,, , 
June,2022,Customer #51,USA,51-100 Employees,Bevarage,"?14,565.00","14,565.00",6,,, , 
June,2022,Customer #58,Italy,11-50 Employees,Bevarage,"?1,164.00","1,164.00",6,,, , 
June,2022,Customer #103,France,11-50 Employees,Chemical,"?12,310.00","12,310.00",6,,, , 
June,2023,Customer #58,Italy,11-50 Employees,Bevarage,"?10,290.00","10,290.00",6,,, , 
June,2023,Customer #28,Italy,11-50 Employees,Bevarage,"?4,212.00","4,212.00",6,,, , 
June,2023,Customer #102,Norway,11-50 Employees,Food,"?2,495.00","2,495.00",6,,, , 
June,2023,Customer #33,France,11-50 Employees,Chemical,"?2,947.00","2,947.00",6,,, , 
June,2023,Customer #21,USA,51-100 Employees,Bevarage,"?1,296.00","1,296.00",6,,, , 
June,2023,Customer #74,Italy,11-50 Employees,Bevarage,"?17,899.00","17,899.00",6,,, , 
June,2023,Customer #51,USA,51-100 Employees,Bevarage,"?15,587.00","15,587.00",6,,, , 
June,2023,Customer #80,Germany,1-10 Employees,Food,"?13,931.00","13,931.00",6,,, , 
June,2023,Customer #82,Norway,11-50 Employees,Food,"?8,056.00","8,056.00",6,,, , 
July,2022,Customer #59,Italy,11-50 Employees,Bevarage,"?8,087.00","8,087.00",7,,, , 
July,2022,Customer #100,Germany,1-10 Employees,Food,"?7,472.00","7,472.00",7,,, , 
July,2022,Customer #99,Italy,11-50 Employees,Bevarage,"?6,447.00","6,447.00",7,,, , 
July,2022,Customer #71,USA,51-100 Employees,Bevarage,"?1,603.00","1,603.00",7,,, , 
July,2022,Customer #35,Italy,51-100 Employees,Chemical,"?11,088.00","11,088.00",7,,, , 
July,2022,Customer #105,Italy,51-100 Employees,Chemical,"?7,588.00","7,588.00",7,,, , 
July,2022,Customer #19,Italy,11-50 Employees,Bevarage,"?7,821.00","7,821.00",7,,, , 
July,2022,Customer #66,Italy,100-1000 Employees,Food,"?15,971.00","15,971.00",7,,, , 
July,2022,Customer #58,Italy,11-50 Employees,Bevarage,"?15,126.00","15,126.00",7,,, , 
July,2023,Customer #44,Italy,11-50 Employees,Bevarage,"?10,942.00","10,942.00",7,,, , 
July,2023,Customer #97,Italy,11-50 Employees,Bevarage,"?11,949.00","11,949.00",7,,, , 
July,2023,Customer #5,Italy,51-100 Employees,Chemical,"?2,204.00","2,204.00",7,,, , 
July,2023,Customer #24,Italy,11-50 Employees,Bevarage,"?4,255.00","4,255.00",7,,, , 
July,2023,Customer #60,Germany,1-10 Employees,Food,"?9,448.00","9,448.00",7,,, , 
July,2023,Customer #7,Italy,11-50 Employees,Bevarage,"?14,657.00","14,657.00",7,,, , 
July,2023,Customer #98,Italy,11-50 Employees,Bevarage,"?2,935.00","2,935.00",7,,, , 
July,2023,Customer #49,Italy,11-50 Employees,Bevarage,"?12,810.00","12,810.00",7,,, , 
July,2023,Customer #49,Italy,11-50 Employees,Bevarage,"?3,732.00","3,732.00",7,,, , 
July,2023,Customer #88,Italy,11-50 Employees,Bevarage,"?17,564.00","17,564.00",7,,, , 
August,2022,Customer #76,Italy,100-1000 Employees,Food,"?5,244.00","5,244.00",8,,, , 
August,2022,Customer #2,Norway,11-50 Employees,Food,"?10,666.00","10,666.00",8,,, , 
August,2022,Customer #30,Germany,1-10 Employees,Food,"?14,527.00","14,527.00",8,,, , 
August,2022,Customer #60,Germany,1-10 Employees,Food,"?9,274.00","9,274.00",8,,, , 
August,2022,Customer #60,Germany,1-10 Employees,Food,"?12,289.00","12,289.00",8,,, , 
August,2022,Customer #105,Italy,51-100 Employees,Chemical,"?14,978.00","14,978.00",8,,, , 
August,2022,Customer #42,Norway,11-50 Employees,Food,"?14,484.00","14,484.00",8,,, , 
August,2022,Customer #27,Italy,11-50 Employees,Bevarage,"?17,818.00","17,818.00",8,,, , 
August,2022,Customer #66,Italy,100-1000 Employees,Food,"?1,937.00","1,937.00",8,,, , 
August,2022,Customer #104,Italy,11-50 Employees,Bevarage,"?5,750.00","5,750.00",8,,, , 
August,2022,Customer #33,France,11-50 Employees,Chemical,"?11,094.00","11,094.00",8,,, , 
August,2022,Customer #54,Italy,11-50 Employees,Bevarage,"?1,202.00","1,202.00",8,,, , 
August,2022,Customer #39,Italy,11-50 Employees,Bevarage,"?4,350.00","4,350.00",8,,, , 
August,2022,Customer #17,Italy,11-50 Employees,Bevarage,"?15,830.00","15,830.00",8,,, , 
August,2022,Customer #48,Italy,11-50 Employees,Bevarage,"?7,402.00","7,402.00",8,,, , 
August,2022,Customer #42,Norway,11-50 Employees,Food,"?2,195.00","2,195.00",8,,, , 
August,2022,Customer #69,Italy,11-50 Employees,Bevarage,"?5,465.00","5,465.00",8,,, , 
August,2022,Customer #26,Italy,100-1000 Employees,Food,"?6,465.00","6,465.00",8,,, , 
August,2022,Customer #46,Italy,100-1000 Employees,Food,"?1,526.00","1,526.00",8,,, , 
August,2022,Customer #47,Italy,11-50 Employees,Bevarage,"?16,523.00","16,523.00",8,,, , 
August,2022,Customer #61,USA,51-100 Employees,Bevarage,"?1,426.00","1,426.00",8,,, , 
August,2022,Customer #46,Italy,100-1000 Employees,Food,"?4,409.00","4,409.00",8,,, , 
August,2022,Customer #82,Norway,11-50 Employees,Food,"?13,910.00","13,910.00",8,,, , 
August,2022,Customer #26,Italy,100-1000 Employees,Food,"?7,172.00","7,172.00",8,,, , 
August,2022,Customer #90,Germany,1-10 Employees,Food,"?5,539.00","5,539.00",8,,, , 
August,2023,Customer #101,USA,51-100 Employees,Bevarage,"?8,956.00","8,956.00",8,,, , 
August,2023,Customer #4,Italy,11-50 Employees,Bevarage,"?7,145.00","7,145.00",8,,, , 
August,2023,Customer #10,Germany,1-10 Employees,Food,"?2,786.00","2,786.00",8,,, , 
August,2023,Customer #17,Italy,11-50 Employees,Bevarage,"?6,948.00","6,948.00",8,,, , 
August,2023,Customer #53,France,11-50 Employees,Chemical,"?12,977.00","12,977.00",8,,, , 
August,2023,Customer #60,Germany,1-10 Employees,Food,"?12,740.00","12,740.00",8,,, , 
August,2023,Customer #58,Italy,11-50 Employees,Bevarage,"?8,845.00","8,845.00",8,,, , 
August,2023,Customer #31,USA,51-100 Employees,Bevarage,"?8,618.00","8,618.00",8,,, , 
August,2023,Customer #43,France,11-50 Employees,Chemical,"?10,177.00","10,177.00",8,,, , 
August,2023,Customer #73,France,11-50 Employees,Chemical,"?16,604.00","16,604.00",8,,, , 
August,2023,Customer #107,Italy,11-50 Employees,Other,"?13,948.00","13,948.00",8,,, , 
August,2023,Customer #72,Norway,11-50 Employees,Food,"?16,410.00","16,410.00",8,,, , 
August,2023,Customer #40,Germany,1-10 Employees,Food,"?14,813.00","14,813.00",8,,, , 
August,2023,Customer #60,Germany,1-10 Employees,Food,"?2,434.00","2,434.00",8,,, , 
August,2023,Customer #97,Italy,11-50 Employees,Bevarage,"?7,918.00","7,918.00",8,,, , 
August,2023,Customer #97,Italy,11-50 Employees,Bevarage,"?12,812.00","12,812.00",8,,, , 
August,2023,Customer #55,Italy,51-100 Employees,Chemical,"?3,308.00","3,308.00",8,,, , 
September,2022,Customer #90,Germany,1-10 Employees,Food,"?1,994.00","1,994.00",9,,, , 
September,2022,Customer #60,Germany,1-10 Employees,Food,"?1,950.00","1,950.00",9,,, , 
September,2022,Customer #42,Norway,11-50 Employees,Food,"?10,995.00","10,995.00",9,,, , 
September,2022,Customer #31,USA,51-100 Employees,Bevarage,"?15,095.00","15,095.00",9,,, , 
September,2022,Customer #35,Italy,51-100 Employees,Chemical,"?6,223.00","6,223.00",9,,, , 
September,2022,Customer #100,Germany,1-10 Employees,Food,"?3,057.00","3,057.00",9,,, , 
September,2022,Customer #90,Germany,1-10 Employees,Food,"?4,366.00","4,366.00",9,,, , 
September,2022,Customer #44,Italy,11-50 Employees,Bevarage,"?15,993.00","15,993.00",9,,, , 
September,2022,Customer #67,Italy,11-50 Employees,Bevarage,"?2,289.00","2,289.00",9,,, , 
September,2022,Customer #1,USA,51-100 Employees,Bevarage,"?2,983.00","2,983.00",9,,, , 
September,2022,Customer #64,Italy,11-50 Employees,Bevarage,"?7,204.00","7,204.00",9,,, , 
September,2022,Customer #94,Italy,11-50 Employees,Bevarage,"?14,457.00","14,457.00",9,,, , 
September,2022,Customer #65,Italy,51-100 Employees,Chemical,"?3,929.00","3,929.00",9,,, , 
September,2022,Customer #89,Italy,11-50 Employees,Bevarage,"?3,661.00","3,661.00",9,,, , 
September,2022,Customer #60,Germany,1-10 Employees,Food,"?13,333.00","13,333.00",9,,, , 
September,2022,Customer #88,Italy,11-50 Employees,Bevarage,"?2,459.00","2,459.00",9,,, , 
September,2022,Customer #3,France,11-50 Employees,Chemical,"?10,033.00","10,033.00",9,,, , 
September,2022,Customer #89,Italy,11-50 Employees,Bevarage,"?16,950.00","16,950.00",9,,, , 
September,2022,Customer #63,France,11-50 Employees,Chemical,"?17,647.00","17,647.00",9,,, , 
September,2022,Customer #19,Italy,11-50 Employees,Bevarage,"?16,416.00","16,416.00",9,,, , 
September,2022,Customer #70,Germany,1-10 Employees,Food,"?4,666.00","4,666.00",9,,, , 
September,2023,Customer #12,Norway,11-50 Employees,Food,"?11,995.00","11,995.00",9,,, , 
September,2023,Customer #48,Italy,11-50 Employees,Bevarage,"?7,967.00","7,967.00",9,,, , 
September,2023,Customer #44,Italy,11-50 Employees,Bevarage,"?13,344.00","13,344.00",9,,, , 
September,2023,Customer #24,Italy,11-50 Employees,Bevarage,"?10,675.00","10,675.00",9,,, , 
September,2023,Customer #14,Italy,11-50 Employees,Bevarage,"?7,819.00","7,819.00",9,,, , 
September,2023,Customer #23,France,11-50 Employees,Other,"?13,548.00","13,548.00",9,,, , 
September,2023,Customer #77,Italy,11-50 Employees,Bevarage,"?6,677.00","6,677.00",9,,, , 
September,2023,Customer #32,Norway,11-50 Employees,Food,"?9,077.00","9,077.00",9,,, , 
September,2023,Customer #35,Italy,51-100 Employees,Chemical,"?2,654.00","2,654.00",9,,, , 
September,2023,Customer #5,Italy,51-100 Employees,Chemical,"?6,633.00","6,633.00",9,,, , 
October,2022,Customer #80,Germany,1-10 Employees,Food,"?8,606.00","8,606.00",10,,, , 
October,2022,Customer #7,Italy,11-50 Employees,Bevarage,"?9,785.00","9,785.00",10,,, , 
October,2022,Customer #41,USA,51-100 Employees,Bevarage,"?2,446.00","2,446.00",10,,, , 
October,2022,Customer #36,Italy,100-1000 Employees,Food,"?1,771.00","1,771.00",10,,, , 
October,2022,Customer #31,USA,51-100 Employees,Bevarage,"?9,617.00","9,617.00",10,,, , 
October,2022,Customer #69,Italy,11-50 Employees,Bevarage,"?11,640.00","11,640.00",10,,, , 
October,2022,Customer #35,Italy,51-100 Employees,Chemical,"?15,014.00","15,014.00",10,,, , 
October,2022,Customer #7,Italy,11-50 Employees,Bevarage,"?15,607.00","15,607.00",10,,, , 
October,2022,Customer #98,Italy,11-50 Employees,Bevarage,"?9,614.00","9,614.00",10,,, , 
October,2022,Customer #63,France,11-50 Employees,Chemical,"?12,736.00","12,736.00",10,,, , 
October,2022,Customer #88,Italy,11-50 Employees,Bevarage,"?17,685.00","17,685.00",10,,, , 
October,2022,Customer #103,France,11-50 Employees,Chemical,"?12,905.00","12,905.00",10,,, , 
October,2022,Customer #99,Italy,11-50 Employees,Bevarage,"?5,618.00","5,618.00",10,,, , 
October,2022,Customer #21,USA,51-100 Employees,Bevarage,"?12,316.00","12,316.00",10,,, , 
October,2022,Customer #98,Italy,11-50 Employees,Bevarage,"?13,818.00","13,818.00",10,,, , 
October,2022,Customer #3,France,11-50 Employees,Chemical,"?14,931.00","14,931.00",10,,, , 
October,2022,Customer #88,Italy,11-50 Employees,Bevarage,"?6,178.00","6,178.00",10,,, , 
October,2023,Customer #28,Italy,11-50 Employees,Bevarage,"?9,754.00","9,754.00",10,,, , 
October,2023,Customer #100,Germany,1-10 Employees,Food,"?14,219.00","14,219.00",10,,, , 
October,2023,Customer #74,Italy,11-50 Employees,Bevarage,"?16,014.00","16,014.00",10,,, , 
October,2023,Customer #91,USA,51-100 Employees,Bevarage,"?4,359.00","4,359.00",10,,, , 
October,2023,Customer #1,USA,51-100 Employees,Bevarage,"?14,546.00","14,546.00",10,,, , 
October,2023,Customer #35,Italy,51-100 Employees,Chemical,"?17,150.00","17,150.00",10,,, , 
October,2023,Customer #106,Italy,100-1000 Employees,Food,"?14,072.00","14,072.00",10,,, , 
October,2023,Customer #87,Italy,11-50 Employees,Bevarage,"?4,115.00","4,115.00",10,,, , 
October,2023,Customer #81,USA,51-100 Employees,Bevarage,"?9,026.00","9,026.00",10,,, , 
October,2023,Customer #30,Germany,1-10 Employees,Food,"?1,702.00","1,702.00",10,,, , 
October,2023,Customer #96,Italy,100-1000 Employees,Food,"?12,414.00","12,414.00",10,,, , 
October,2023,Customer #84,Italy,11-50 Employees,Bevarage,"?12,684.00","12,684.00",10,,, , 
October,2023,Customer #46,Italy,100-1000 Employees,Food,"?13,218.00","13,218.00",10,,, , 
October,2023,Customer #54,Italy,11-50 Employees,Bevarage,"?6,926.00","6,926.00",10,,, , 
October,2023,Customer #31,USA,51-100 Employees,Bevarage,"?4,356.00","4,356.00",10,,, , 
October,2023,Customer #94,Italy,11-50 Employees,Bevarage,"?7,563.00","7,563.00",10,,, , 
October,2023,Customer #39,Italy,11-50 Employees,Bevarage,"?7,984.00","7,984.00",10,,, , 
October,2023,Customer #18,Italy,11-50 Employees,Bevarage,"?6,849.00","6,849.00",10,,, , 
October,2023,Customer #42,Norway,11-50 Employees,Food,"?2,567.00","2,567.00",10,,, , 
October,2023,Customer #5,Italy,51-100 Employees,Chemical,"?15,147.00","15,147.00",10,,, , 
October,2023,Customer #18,Italy,11-50 Employees,Bevarage,"?12,548.00","12,548.00",10,,, , 
October,2023,Customer #24,Italy,11-50 Employees,Bevarage,"?16,066.00","16,066.00",10,,, , 
October,2023,Customer #29,Italy,11-50 Employees,Bevarage,"?13,071.00","13,071.00",10,,, , 
October,2023,Customer #91,USA,51-100 Employees,Bevarage,"?16,552.00","16,552.00",10,,, , 
October,2023,Customer #84,Italy,11-50 Employees,Bevarage,"?13,888.00","13,888.00",10,,, , 
October,2023,Customer #25,Italy,51-100 Employees,Chemical,"?7,064.00","7,064.00",10,,, , 
October,2023,Customer #27,Italy,11-50 Employees,Bevarage,"?12,541.00","12,541.00",10,,, , 
October,2023,Customer #13,France,11-50 Employees,Chemical,"?4,278.00","4,278.00",10,,, , 
October,2023,Customer #13,France,11-50 Employees,Chemical,"?6,622.00","6,622.00",10,,, , 
October,2023,Customer #1,USA,51-100 Employees,Bevarage,"?10,442.00","10,442.00",10,,, , 
October,2023,Customer #90,Germany,1-10 Employees,Food,"?9,554.00","9,554.00",10,,, , 
October,2023,Customer #82,Norway,11-50 Employees,Food,"?2,505.00","2,505.00",10,,, , 
October,2023,Customer #28,Italy,11-50 Employees,Bevarage,"?10,986.00","10,986.00",10,,, , 
October,2023,Customer #105,Italy,51-100 Employees,Chemical,"?16,310.00","16,310.00",10,,, , 
November,2022,Customer #16,Italy,100-1000 Employees,Food,"?17,512.00","17,512.00",11,,, , 
November,2022,Customer #9,Italy,11-50 Employees,Bevarage,"?12,749.00","12,749.00",11,,, , 
November,2022,Customer #10,Germany,1-10 Employees,Food,"?10,972.00","10,972.00",11,,, , 
November,2022,Customer #43,France,11-50 Employees,Chemical,"?17,656.00","17,656.00",11,,, , 
November,2022,Customer #69,Italy,11-50 Employees,Bevarage,"?6,493.00","6,493.00",11,,, , 
November,2022,Customer #50,Germany,1-10 Employees,Food,"?14,965.00","14,965.00",11,,, , 
November,2022,Customer #86,Italy,100-1000 Employees,Food,"?6,986.00","6,986.00",11,,, , 
November,2022,Customer #100,Germany,1-10 Employees,Food,"?8,640.00","8,640.00",11,,, , 
November,2022,Customer #100,Germany,1-10 Employees,Food,"?11,215.00","11,215.00",11,,, , 
November,2022,Customer #67,Italy,11-50 Employees,Bevarage,"?11,188.00","11,188.00",11,,, , 
November,2022,Customer #35,Italy,51-100 Employees,Chemical,"?6,000.00","6,000.00",11,,, , 
November,2022,Customer #12,Norway,11-50 Employees,Food,"?15,709.00","15,709.00",11,,, , 
November,2022,Customer #18,Italy,11-50 Employees,Bevarage,"?13,548.00","13,548.00",11,,, , 
November,2022,Customer #74,Italy,11-50 Employees,Bevarage,"?9,332.00","9,332.00",11,,, , 
November,2022,Customer #71,USA,51-100 Employees,Bevarage,"?5,179.00","5,179.00",11,,, , 
November,2022,Customer #45,Italy,51-100 Employees,Chemical,"?6,311.00","6,311.00",11,,, , 
November,2022,Customer #76,Italy,100-1000 Employees,Food,"?4,569.00","4,569.00",11,,, , 
November,2022,Customer #86,Italy,100-1000 Employees,Food,"?9,298.00","9,298.00",11,,, , 
November,2022,Customer #100,Germany,1-10 Employees,Food,"?5,707.00","5,707.00",11,,, , 
November,2022,Customer #83,France,11-50 Employees,Chemical,"?12,291.00","12,291.00",11,,, , 
November,2022,Customer #81,USA,51-100 Employees,Bevarage,"?12,945.00","12,945.00",11,,, , 
November,2023,Customer #97,Italy,11-50 Employees,Bevarage,"?7,341.00","7,341.00",11,,, , 
November,2023,Customer #34,Italy,11-50 Employees,Bevarage,"?12,298.00","12,298.00",11,,, , 
November,2023,Customer #43,France,11-50 Employees,Chemical,"?10,373.00","10,373.00",11,,, , 
November,2023,Customer #22,Norway,11-50 Employees,Food,"?9,499.00","9,499.00",11,,, , 
November,2023,Customer #44,Italy,11-50 Employees,Bevarage,"?8,128.00","8,128.00",11,,, , 
November,2023,Customer #13,France,11-50 Employees,Chemical,"?7,255.00","7,255.00",11,,, , 
November,2023,Customer #64,Italy,11-50 Employees,Bevarage,"?3,054.00","3,054.00",11,,, , 
November,2023,Customer #35,Italy,51-100 Employees,Chemical,"?2,774.00","2,774.00",11,,, , 
November,2023,Customer #97,Italy,11-50 Employees,Bevarage,"?10,347.00","10,347.00",11,,, , 
November,2023,Customer #46,Italy,100-1000 Employees,Food,"?13,842.00","13,842.00",11,,, , 
November,2023,Customer #70,Germany,1-10 Employees,Food,"?4,348.00","4,348.00",11,,, , 
November,2023,Customer #105,Italy,51-100 Employees,Chemical,"?9,734.00","9,734.00",11,,, , 
November,2023,Customer #62,Norway,11-50 Employees,Food,"?10,389.00","10,389.00",11,,, , 
November,2023,Customer #8,Italy,11-50 Employees,Bevarage,"?9,868.00","9,868.00",11,,, , 
November,2023,Customer #65,Italy,51-100 Employees,Chemical,"?9,902.00","9,902.00",11,,, , 
November,2023,Customer #28,Italy,11-50 Employees,Bevarage,"?6,744.00","6,744.00",11,,, , 
November,2023,Customer #53,France,11-50 Employees,Chemical,"?15,297.00","15,297.00",11,,, , 
November,2023,Customer #34,Italy,11-50 Employees,Bevarage,"?14,394.00","14,394.00",11,,, , 
November,2023,Customer #97,Italy,11-50 Employees,Bevarage,"?9,848.00","9,848.00",11,,, , 
November,2023,Customer #12,Norway,11-50 Employees,Food,"?10,152.00","10,152.00",11,,, , 
November,2023,Customer #15,Italy,51-100 Employees,Chemical,"?11,705.00","11,705.00",11,,, , 
November,2023,Customer #87,Italy,11-50 Employees,Bevarage,"?17,865.00","17,865.00",11,,, , 
November,2023,Customer #87,Italy,11-50 Employees,Bevarage,"?15,079.00","15,079.00",11,,, , 
November,2023,Customer #7,Italy,11-50 Employees,Bevarage,"?19,591.00","19,591.00",11,,, , 
November,2023,Customer #42,Norway,11-50 Employees,Food,"?1,332.00","1,332.00",11,,, , 
November,2023,Customer #12,Norway,11-50 Employees,Food,"?17,025.00","17,025.00",11,,, , 
November,2023,Customer #62,Norway,11-50 Employees,Food,"?9,402.00","9,402.00",11,,, , 
November,2023,Customer #24,Italy,11-50 Employees,Bevarage,"?15,546.00","15,546.00",11,,, , 
December,2022,Customer #53,France,11-50 Employees,Chemical,"?17,049.00","17,049.00",12,,, , 
December,2022,Customer #86,Italy,100-1000 Employees,Food,"?3,699.00","3,699.00",12,,, , 
December,2022,Customer #3,France,11-50 Employees,Chemical,"?12,686.00","12,686.00",12,,, , 
December,2022,Customer #64,Italy,11-50 Employees,Bevarage,"?2,734.00","2,734.00",12,,, , 
December,2022,Customer #4,Italy,11-50 Employees,Bevarage,"?5,559.00","5,559.00",12,,, , 
December,2022,Customer #32,Norway,11-50 Employees,Food,"?12,780.00","12,780.00",12,,, , 
December,2022,Customer #73,France,11-50 Employees,Chemical,"?17,581.00","17,581.00",12,,, , 
December,2022,Customer #55,Italy,51-100 Employees,Chemical,"?9,143.00","9,143.00",12,,, , 
December,2022,Customer #20,Germany,1-10 Employees,Food,"?1,499.00","1,499.00",12,,, , 
December,2022,Customer #97,Italy,11-50 Employees,Bevarage,"?8,582.00","8,582.00",12,,, , 
December,2022,Customer #88,Italy,11-50 Employees,Bevarage,"?9,716.00","9,716.00",12,,, , 
December,2022,Customer #74,Italy,11-50 Employees,Bevarage,"?4,740.00","4,740.00",12,,, , 
December,2022,Customer #39,Italy,11-50 Employees,Bevarage,"?11,839.00","11,839.00",12,,, , 
December,2022,Customer #33,France,11-50 Employees,Chemical,"?16,032.00","16,032.00",12,,, , 
December,2022,Customer #23,France,11-50 Employees,Other,"?1,321.00","1,321.00",12,,, , 
December,2022,Customer #87,Italy,11-50 Employees,Bevarage,"?11,851.00","11,851.00",12,,, , 
December,2022,Customer #17,Italy,11-50 Employees,Bevarage,"?12,649.00","12,649.00",12,,, , 
December,2022,Customer #39,Italy,11-50 Employees,Bevarage,"?5,156.00","5,156.00",12,,, , 
December,2022,Customer #23,France,11-50 Employees,Other,"?3,259.00","3,259.00",12,,, , 
December,2022,Customer #92,Norway,11-50 Employees,Food,"?11,053.00","11,053.00",12,,, , 
December,2023,Customer #11,USA,51-100 Employees,Bevarage,"?7,228.00","7,228.00",12,,, , 
December,2023,Customer #91,USA,51-100 Employees,Bevarage,"?2,929.00","2,929.00",12,,, , 
December,2023,Customer #14,Italy,11-50 Employees,Bevarage,"?4,882.00","4,882.00",12,,, , 
December,2023,Customer #53,France,11-50 Employees,Chemical,"?4,054.00","4,054.00",12,,, , 
December,2023,Customer #48,Italy,11-50 Employees,Bevarage,"?15,960.00","15,960.00",12,,, , 
December,2023,Customer #27,Italy,11-50 Employees,Bevarage,"?5,030.00","5,030.00",12,,, , 
December,2023,Customer #67,Italy,11-50 Employees,Bevarage,"?1,920.00","1,920.00",12,,, , 
December,2023,Customer #69,Italy,11-50 Employees,Bevarage,"?11,214.00","11,214.00",12,,, , 
December,2023,Customer #8,Italy,11-50 Employees,Bevarage,"?3,637.00","3,637.00",12,,, , 
December,2023,Customer #13,France,11-50 Employees,Chemical,"?5,111.00","5,111.00",12,,, , 
December,2023,Customer #62,Norway,11-50 Employees,Food,"?1,834.00","1,834.00",12,,, , 
December,2023,Customer #84,Italy,11-50 Employees,Bevarage,"?15,647.00","15,647.00",12,,, , 
December,2023,Customer #36,Italy,100-1000 Employees,Food,"?9,498.00","9,498.00",12,,, , 
